fold,train_seasons,test_seasons,mae,rmse,coverage,interval_width,lambda_param,sigma_proc
1,"[1, 2, 3, 4, 5, 6]","[7, 8, 9, 10, 11, 12]",0.12294606246801738,0.18241783021507038,0.06444906444906445,0.034243205089710314,10.0,0.06647855311760614
2,"[1, 2, 3, 4, 5, 6, 7, 8, 9, 10, 11, 12]","[13, 14, 15, 16, 17, 18]",0.10132620740370916,0.14726639118668486,0.08669354838709678,0.03887156476499015,10.0,0.06735704867954537
3,"[1, 2, 3, 4, 5, 6, 7, 8, 9, 10, 11, 12, 13, 14, 15, 16, 17, 18]","[19, 20, 21, 22, 23, 24]",0.1035894013302654,0.15821948306982145,0.08270676691729323,0.033826519559171875,10.0,0.06509765191984297
4,"[1, 2, 3, 4, 5, 6, 7, 8, 9, 10, 11, 12, 13, 14, 15, 16, 17, 18, 19, 20, 21, 22, 23, 24]","[25, 26, 27, 28, 29, 30]",0.10109451223449537,0.15048145780723582,0.06262230919765166,0.03251225201505755,10.0,0.06379218969702131
