run,n_rows,valid_for_mcc,mean_MCC_weighted,mean_MCC_unweighted,mean_ACC,ACC_available
old,335,222,0.2806522977519041,0.09702344497607657,0.07657657657657657,222
corrected,335,264,0.6038851051991376,0.331144696969697,0.5227272727272727,264
