profession_category,count,avg_placement,avg_score,finale_rate,avg_judge_disagreement,avg_score_trend,avg_momentum
Athlete,100,6.25,0.7484147837938913,0.29,0.3131331947592564,0.02518305541486291,0.021107833333333416
Comedian,12,8.75,0.6156257511624178,0.08333333333333333,0.22167815058261245,0.027806174242424233,0.09999666666666651
Model,17,8.882352941176471,0.6926034435107377,0.058823529411764705,0.33379522446534243,0.031289414608267514,
Music,62,6.806451612903226,0.7599287257579637,0.27419354838709675,0.372365646782321,0.02311299967416096,0.025694444444444426
Other,22,8.0,0.6666788846801347,0.3181818181818182,0.3817747365063864,0.026785470287288452,-0.005558333333333276
Politician,3,10.333333333333334,0.5725304938271605,0.0,0.3883269465667201,-0.0048605555555556665,
Reality,9,5.0,0.8619119769119769,0.3333333333333333,0.2529532361635879,0.03382886403719737,0.016666666666666663
Screen,196,6.704081632653061,0.7446655882875155,0.22448979591836735,0.3101344220196099,0.02783862017772476,0.020765476190476195
